/*
SQLyog Enterprise - MySQL GUI v8.02 RC
MySQL - 5.6.12-log : Database - boc_db_v2
*********************************************************************
*/

/*!40101 SET NAMES utf8 */;

/*!40101 SET SQL_MODE=''*/;

/*!40014 SET @OLD_FOREIGN_KEY_CHECKS=@@FOREIGN_KEY_CHECKS, FOREIGN_KEY_CHECKS=0 */;
/*!40101 SET @OLD_SQL_MODE=@@SQL_MODE, SQL_MODE='NO_AUTO_VALUE_ON_ZERO' */;

CREATE DATABASE /*!32312 IF NOT EXISTS*/`boc_db_v2` /*!40100 DEFAULT CHARACTER SET latin1 */;

USE `boc_db_v2`;

/*Table structure for table `lib_department` */

DROP TABLE IF EXISTS `lib_department`;

CREATE TABLE `lib_department` (
  `deptid` int(11) NOT NULL AUTO_INCREMENT,
  `deptname` varchar(255) DEFAULT NULL,
  PRIMARY KEY (`deptid`)
) ENGINE=InnoDB AUTO_INCREMENT=10 DEFAULT CHARSET=latin1;

/*Data for the table `lib_department` */

insert  into `lib_department`(`deptid`,`deptname`) values (1,'Top Management'),(2,'Assesment & Operation Coordinating Group'),(3,'Intelligent Group'),(4,'Management Information System Technical Group'),(5,'Interim Internal Control'),(6,'Internal Administration Group'),(7,'Revenue Collection Monitoring Group'),(8,'Enforcement Group'),(9,'Post Entry & Audit Group');

/*Table structure for table `lib_ulevel` */

DROP TABLE IF EXISTS `lib_ulevel`;

CREATE TABLE `lib_ulevel` (
  `ulevelid` int(11) NOT NULL AUTO_INCREMENT,
  `ulevelname` varchar(255) NOT NULL,
  PRIMARY KEY (`ulevelid`)
) ENGINE=InnoDB AUTO_INCREMENT=3 DEFAULT CHARSET=latin1;

/*Data for the table `lib_ulevel` */

insert  into `lib_ulevel`(`ulevelid`,`ulevelname`) values (1,'administrator'),(2,'user');

/*Table structure for table `tbl_calendar` */

DROP TABLE IF EXISTS `tbl_calendar`;

CREATE TABLE `tbl_calendar` (
  `calendar_id` int(11) NOT NULL AUTO_INCREMENT,
  `date` date NOT NULL,
  `data` text NOT NULL,
  PRIMARY KEY (`calendar_id`)
) ENGINE=InnoDB AUTO_INCREMENT=7 DEFAULT CHARSET=latin1;

/*Data for the table `tbl_calendar` */

insert  into `tbl_calendar`(`calendar_id`,`date`,`data`) values (1,'2014-02-14','Valentine\'s Day'),(2,'2014-02-15','Test 15'),(3,'2014-02-08','test 8'),(4,'2014-02-27','Code Review'),(5,'2014-02-24','Last Day Checking'),(6,'2014-02-25','EDSA Day');

/*Table structure for table `tbl_documents` */

DROP TABLE IF EXISTS `tbl_documents`;

CREATE TABLE `tbl_documents` (
  `uid` int(11) NOT NULL AUTO_INCREMENT,
  `document_name` varchar(255) DEFAULT NULL,
  `document_file_name` varchar(255) DEFAULT NULL,
  `document_file_type` varchar(255) DEFAULT NULL,
  `document_file_size` varchar(255) DEFAULT NULL,
  `document_file_location` varchar(255) DEFAULT NULL,
  `document_file_status` int(10) DEFAULT '0',
  PRIMARY KEY (`uid`)
) ENGINE=InnoDB AUTO_INCREMENT=16 DEFAULT CHARSET=latin1;

/*Data for the table `tbl_documents` */

insert  into `tbl_documents`(`uid`,`document_name`,`document_file_name`,`document_file_type`,`document_file_size`,`document_file_location`,`document_file_status`) values (1,'document 1','aaaaaaaaaaaaaaaa.docx','application/vnd.openxmlformats-officedocument.wordprocessingml.document','12498','192.168.0.102/capstone/files/aaaaaaaaaaaaaaaa.docx',1),(2,'document 1','aaaaaaaaaaaaaaaa.docx','application/vnd.openxmlformats-officedocument.wordprocessingml.document','12498','192.168.0.102/capstone/files/aaaaaaaaaaaaaaaa.docx',1),(3,'zari','zari-resume.docx','application/vnd.openxmlformats-officedocument.wordprocessingml.document','56468','192.168.0.102/capstone/files/zari-resume.docx',1),(4,'Leave Form','Application for Leave.jpg','image/jpeg','512096','192.168.0.102/capstone/files/Application for Leave.jpg',0),(5,'Affidavit of Undertaking','Affidavit of Undertaking.jpg','image/jpeg','425680','192.168.0.102/capstone/files/Affidavit of Undertaking.jpg',0),(6,'Application of Clearance of NUC','Application for Clearance of  No Unliquidated Cash Advance.jpg','image/jpeg','407879','192.168.0.102/capstone/files/Application for Clearance of  No Unliquidated Cash Advance.jpg',0),(7,'Application Clearance for NOO','Application for Clearance of No Outstanding Obligations.jpg','image/jpeg','445691','192.168.0.102/capstone/files/Application for Clearance of No Outstanding Obligations.jpg',0),(8,'Application for LC','Application for Legal Clearance.jpg','image/jpeg','438690','192.168.0.102/capstone/files/Application for Legal Clearance.jpg',0),(9,'Clearance for NOA','Clearance of No Outstanding Accountabilities.jpg','image/jpeg','472791','192.168.0.102/capstone/files/Clearance of No Outstanding Accountabilities.jpg',0),(10,'Clearance for NOPA','Clearance of No Outstanding Property Accountability.jpg','image/jpeg','467702','192.168.0.102/capstone/files/Clearance of No Outstanding Property Accountability.jpg',0),(11,'Group Clearance','Group Clearance.jpg','image/jpeg','358677','192.168.0.102/capstone/files/Group Clearance.jpg',0),(12,'Request for Clearance Form','Request for Clearance Form.jpg','image/jpeg','440040','192.168.0.102/capstone/files/Request for Clearance Form.jpg',0),(13,'Transshipment Permit','Transshipment Permit.jpg','image/jpeg','559704','192.168.0.102/capstone/files/Transshipment Permit.jpg',0),(14,'BOC','BOC.jpg','image/jpeg','15603','192.168.0.102/capstone/files/BOC.jpg',0),(15,'Man','IMG_0015.JPG','image/jpeg','330118','192.168.0.102/capstone/files/IMG_0015.JPG',0);

/*Table structure for table `tbl_employee` */

DROP TABLE IF EXISTS `tbl_employee`;

CREATE TABLE `tbl_employee` (
  `rkey` int(11) NOT NULL AUTO_INCREMENT,
  `empno` varchar(255) DEFAULT NULL,
  `surname` varchar(255) DEFAULT NULL,
  `firstname` varchar(255) DEFAULT NULL,
  `middlename` varchar(255) DEFAULT NULL,
  `address` longtext,
  `birthday` varchar(255) DEFAULT NULL,
  `age` int(11) DEFAULT NULL,
  `gender` varchar(255) DEFAULT NULL,
  `religion` varchar(255) DEFAULT NULL,
  `contact` varchar(255) DEFAULT NULL,
  `position` varchar(255) DEFAULT NULL,
  `deptid` int(11) DEFAULT NULL,
  `division` varchar(255) DEFAULT NULL,
  `datehire` varchar(255) DEFAULT NULL,
  `gsis` varchar(255) DEFAULT NULL,
  `philhealth` varchar(255) DEFAULT NULL,
  `tin` varchar(255) DEFAULT NULL,
  `ioe` varchar(255) DEFAULT NULL,
  `email` varchar(255) NOT NULL,
  PRIMARY KEY (`rkey`)
) ENGINE=InnoDB AUTO_INCREMENT=48 DEFAULT CHARSET=latin1;

/*Data for the table `tbl_employee` */

insert  into `tbl_employee`(`rkey`,`empno`,`surname`,`firstname`,`middlename`,`address`,`birthday`,`age`,`gender`,`religion`,`contact`,`position`,`deptid`,`division`,`datehire`,`gsis`,`philhealth`,`tin`,`ioe`,`email`) values (1,'13001','Sevilla','John','P','4357 Aroseros St. Makati','01/1/2014',NULL,'male','Roman Catholic','09228309460','Customs Commisioner',1,'Bureau of Customs','01/1/2013','02-93428168-8','01-025166644-5','004-773-944-001','09157732511','me@yahoo.com'),(2,'13002','Tanada','Juan Lorenzo','T','5461 Vergara St. Quiapo Manila','01/1/2014',NULL,'male','Roman Catholic','9173758376','Deputy Commisioner',1,'Internal Administration Group','01/1/2014','02-67482317-1','01-983719123-4','004-232-245-546','09441235329',''),(3,'13003','Reyes Jr.','Prudencio','M','2331 Nicel St. Binondo Manila','01/1/2014',NULL,'male','Roman Catholic','9234894814','Deputy Commisioner',1,'Assesment and Operations Coordination Group','01/1/2014','01-12494578-4','01-983799123-4','004-773-944-213','09015234588',''),(4,'13004','Manzano','Peter','M','2415 Oro A St. Sta Ana Manila','01/1/2014',NULL,'male','Iglesia Ni Cristo','9123647425','Deputy Commiddlenamesioner',1,'Revenue Collection Monitoring Group','01/1/2014','01-92494578-4','01-425166644-5','004-873-944-001','09157732515',''),(5,'13005','Lim','Danilo','D','23 San Isidro St. Galas Quezon CIty','01/1/2014',NULL,'male','Roman Catholic','9152358741','Deputy Commiddlenamesioner',1,'Intelligence Group','01/1/2014','02-93422568-8','01-415166644-5','004-773-414-001','09154732511',''),(6,'13006','Suangsing Jr.','Horacio','P','7384 Panay St. Pasay City','01/1/2014',NULL,'male','Roman Catholic','09992478497','Deputy Commisioner',1,'Enforcement Group','01/1/2014','02-68428168-8','01-555166644-5','004-773-944-412','09154732529',''),(7,'13007','Manarang','Ma. Caridad','P','26 PR Sotto St. San Juan Manila','01/1/2014',NULL,'female','Iglesia Ni Cristo','9174823496','Deputy Commisioner',1,'Management Information System and Technology Group','01/1/2014','02-24628168-8','01-823966644-5','004-742-414-001','09157734013',''),(8,'13008','Alcovendaz','Ericson','A','3453 Malabanan Avenue Pasig City','01/1/2014',NULL,'male','Christian Catholic','09168327592','Assistant Commisioner',1,'Post Entry Audit Group','01/1/2014','02-93419344-8','01-025166644-5','004-773-944-141','09015541588',''),(9,'13009','Mangaoang','Ma. Lourdes','V','2923 Pasig Line Ave. Manila City','1964-10-21',NULL,'Female','Iglesia Ni Cristo','9342585276','Head',1,'X-ray Inspection Project','2010-08-26',NULL,NULL,NULL,NULL,''),(10,'13010','Cawile','Wilnora','L','12 Ongpin St. Sta. Cruz Manila','01/1/2014',NULL,'female','Iglesia Ni Cristo','09253165853','Chief',1,'Interim Internal Control division','01/1/2014','01-92494578-4','01-429866644-5','004-542-944-001','09195541587',''),(11,'13021','Espiñosa','Remedios','S','9764 Gererro St. Mandaluyong','11/29/1968',NULL,'female','Iglesia Ni Cristo','09272827583','Officer in Charge Director',2,'Import and Assesment Service','05/9/2011','02-83468168-8','01-087261644-5','004-551-732-001','09267797828',''),(12,'13022','Del Rosario','Melita','O','312 Bukangliwayway St. San juan manila city','02/14/1968',NULL,'male','Roman Catholic','9228475930','Acting Chief',2,'Valuation and Classification','10/26/2010','02-93490238-8','01-418346644-5','004-553-245-546','09252371838',''),(13,'13023','Guiam','Alvin','R','453 Barona St.Tondo Manila','02/14/1970',NULL,'male','Roman Catholic','09325365742','Chief',2,'Assesment Coordination and monitoring','10/12/2010','02-94728168-8','01-025163561-5','004-898-235-546','09257332511',''),(14,'13024','Hernandez','Nancy','R','8896 Luzon Avenue Quezon City','12/2/1964',NULL,'male','Roman Catholic','09184627537','Chief',2,'Export Coordination Division','12/6/2010','02-35626178-8','01-028897561-5','004-773-332-001','09154771927',''),(15,'13025','Alcala','Neomi','B','4452 E. Rodriquez Avenue Quezon City','11/25/1961',NULL,'male','Iglesia Ni Cristo','09259583739','Officer in Charge Director',2,'Export Coordination Division','06/12/2010','02-28247168-8','01-081375044-5','004-498-944-001','09219836666',''),(16,'13026','Casiano','Cornelia','P','1533 Paz St. Paco Manila','09/25/1965',NULL,'male','Iglesia Ni Cristo','09215839532','Chief',2,'Export Coordination Division','03/14/2010','02-93238188-8','01-091349123-4','004-542-612-001','09257883017',''),(17,'13027','Cabugawan','Gladys','C','2842 Saturno St. Paco Manila','12/30/1962',NULL,'male','Iglesia Ni Cristo','09144852735','Acting Chief',2,'Port Operation and Coordination Division','11/11/2012','02-98234728-8','01-028823712-5','004-666-245-546','09267534123',''),(18,'13040','Tuazon','Fernando','A','4942 Rivera St. San Juan Manila','11/25/1964',NULL,'male','Roman Catholic','09238452412','Director III',3,'Intelligence and Investigation Service','04/15/2011','02-67485680-1','01-972166644-5','004-551-944-001','09198732511',''),(19,'13041','Yuchongco','Jo Brigido','N','9442 Crisolita St San Andress Manila','07/13/1972',NULL,'male','Christian Catholic','09159384294','Chief',3,'Inteligenc e Division','11/5/2011','02-35128168-8','01-551466644-5','004-773-944-146','09154780529',''),(20,'13042','Mendoza Jr.','Felimon','L','25 Lupaypay St. Pinagbuhatang Pasig','02/15/1982',NULL,'male','Roman Catholic','0912366415','Director III',3,'Inteligence Division','01/1/2014','02-35114288-8','01-849366644-5','004-672-944-001','09224716716',''),(21,'13047','Tusit','Ivy Charmaine','P','959 PR. Sotto St San Juan','10/2/1992',NULL,'female','Roman Catholic','09354197533','Web developer',4,'Web developement','06/3/2013','02-00238418-8','01-028421261-5','004-783-512-001','09157712345',''),(22,'13011','Mendoza','Liwayway','T','1674 Carmona St. Makati City','01/29/2014',NULL,'male','Iglesia ni Cristo','09248789424','Acting Director',6,'Financial Management Office','04/26/2011','02-61284317-1','01-182496644-5','004-773-244-981','09267789278',''),(23,'13012','Cabiigon','Marilou','A','379A September St. Tondo Manila','03/30/1970',NULL,'male','Roman Catholic','09243758242','Acting Chief',6,'Budget Division','04/4/2011',NULL,NULL,NULL,NULL,''),(24,'13013','Simon','John','M','2498 Evangelist St. Makati City','04/21/1964',NULL,'male','Roman Catholic','09148573818','Acting Chief',6,'Planning and Policy Research Division','08/23/2011',NULL,NULL,NULL,NULL,''),(25,'13014','Palma','Alfredo','A','923 Esmeralda St. Makati City','03/27/1962',NULL,'male','Roman Catholic','09217392818','Chief',6,'Accounting Division','12/17/2011',NULL,NULL,NULL,NULL,''),(26,'13015','Azana','Ma. Corazon','C','5123 Mercurio St. Sta. Ana Manila City','10/14/1970',NULL,'male','Roman Catholic','09431279371','Director III',6,'Administration Office','07/20/2011',NULL,NULL,NULL,NULL,''),(27,'13016','Lazaro','Erlinda','P','7482 Block 3 Phase 3 Naic Cavite','02/10/1971',NULL,'male','Iglesia ni Cristo','09218392819','Chief',6,'Human Resource Management Division','08/25/2010',NULL,NULL,NULL,NULL,''),(28,'13017','Abano','Elenita','A','9021 Maribeles St. Makati City','01/1/1964',NULL,'male','Roman Catholic','09248326135','Chief',6,'Public Information and Assistance Division','03/20/2009',NULL,NULL,NULL,NULL,''),(29,'13018','De Jesus','Racquel','G.','911 Orampon St. Tondo Manila','02/29/1964',NULL,'male','Roman Catholic','09191234749','Acting Chief',6,'General Public Service Division','11/23/2011',NULL,NULL,NULL,NULL,''),(30,'13019','Bonifacio','Lilibeth','C','587 Moonwalk Ave. Binondo Manila','01/29/1970',NULL,'male','Iglesia ni Cristo','09437029896','Acting Chief',6,'Central Record Management Division','03/22/2011',NULL,NULL,NULL,NULL,''),(31,'13020','Bonifacio','Lilibeth','C','587 Moonwalk Ave. Binondo Manila','01/29/1970',NULL,'male','Iglesia ni Cristo','09437029896','Chief',6,'Interim Training and Development Division','06/25/2009',NULL,NULL,NULL,NULL,''),(32,'13028','Simplicio','Domingo','N','383 Trabaho St. Mandaluyong CIty','10/7/1966',NULL,'male','Iglesia ni Cristo','09224502430','Director III',7,'Legal Services','09/30/2010',NULL,NULL,NULL,NULL,''),(33,'13029','Cruz','Edna','V','143 Washington St. Pasay City','12/26/1962',NULL,'male','Roman Catholic','09172021375','Acting Director III',7,'Financial Services','03/29/2012',NULL,NULL,NULL,NULL,''),(34,'13030','Guyco','Ramon','G','4123 Sikap St. Ortigas Pasig City','10/31/1968',NULL,'male','Roman Catholic','09279104829','Director III',7,'Collection Service','09/22/2011',NULL,NULL,NULL,NULL,''),(35,'13032','Melodias','Marlon','G','271 Esmeralda St. Paco Manila City','09/24/1971',NULL,'male','Ro','','',0,'','01/30/2014',NULL,NULL,NULL,NULL,''),(36,'13033','Leynes ','Giovanni Ferdinand','A','21 San Roque St. Galas Quezon City','04/14/1961',NULL,'male','Roman Catholic','09159238712','Cheif',7,'Appellate','06/30/2010',NULL,NULL,NULL,NULL,''),(37,'13034','Jaciton','Emilio','L','2141 Oro B St. Sta Ana Manila','07/30/1966',NULL,'male','Iglesia ni Cristo','09152399857','Chief',7,'Revenue Accounting Division','08/23/2011',NULL,NULL,NULL,NULL,''),(38,'13036','Soriano','Cecile Marie','C','2411 Concha St. Sta Ana Manila City','09/22/1967',NULL,'male','Roman Catholic','0912366376','Acting Cheif',7,'Statistical Analysis Division','10/27/2009',NULL,NULL,NULL,NULL,''),(39,'13037','Uy','Ma. Lourdes','L','8939 8th St. Dapitan Manila City','01/30/2014',NULL,'male','Iglesia ni Cristo','09234708721','Officer in Charge',7,'Collection Performance Evaluation Division','09/15/2011',NULL,NULL,NULL,NULL,''),(40,'13038','Obilis - Mapa','Maria Yasmin','M','219 Mendiola Ave.  Quiapo Manila City','09/28/1976',NULL,'male','Roman Catholic','09189998428','Acting Cheif',7,'Liquidation and Assesment Audit Division','05/30/2011',NULL,NULL,NULL,NULL,''),(41,'13039','Dizon','Clarence','S','987 Ordonez St. Quiapo Manila','06/25/1972',NULL,'male','Iglesia ni Cristo','09214738697','Acting Cheif',7,'Bonds Audit Division','10/30/2011',NULL,NULL,NULL,NULL,''),(42,'13044','Cortes','Ronnel','L','1314 Nickel St. San Andres Sta. Ana Manila','02/30/1990',NULL,'male','Roman Catholic','09437029896','Database Administrator',4,'Planning & Management & Information Division','06/3/2013','02-82937152-8','01-024712344-5','004-552-744-001','09219823921',''),(43,'13043','Manreza','John Marvone','K','312 Dapitan St. Quiapo Manila','09/19/1999',NULL,'male','Roman Catholic','09054333025','Documentation Admin',4,'System Management Division','06/3/2013',NULL,NULL,NULL,NULL,''),(44,'13045','Dellosa','Jessie','D','5345 Kalentong St. Mandaluyong','01/20/1982',NULL,'male','Iglesia ni Cristo','09147427310','Deputy Commisioner',8,'','08/20/2012',NULL,NULL,NULL,NULL,''),(45,'13046','Tolentino','William','M','1521 Coral St. Sta. Ana Manila','07/20/2011',NULL,'male','Roman Catholic','09168123822','Acting Director',8,'Enforcement & Security Service','01/20/2013','02-27686008-8','01-098547694-5','034-973-942-001','09157734599',''),(46,'1111','test','test','test','etest','01/20/2014',NULL,'male','test','sets','set',8,'ste','01/20/2014','123123123','1231231231','1231231231','12312312321',''),(47,'121121','test2','test','test','123123123','01/20/2014',NULL,'male','asdf','asdf','asdf',9,'asdf','01/20/2014','123123123','1231231','12312312','123123','');

/*Table structure for table `tbl_logs` */

DROP TABLE IF EXISTS `tbl_logs`;

CREATE TABLE `tbl_logs` (
  `lid` int(11) NOT NULL AUTO_INCREMENT,
  `logs_message` varchar(255) NOT NULL,
  `time` timestamp NOT NULL DEFAULT CURRENT_TIMESTAMP,
  `ip` varchar(255) NOT NULL,
  PRIMARY KEY (`lid`)
) ENGINE=InnoDB AUTO_INCREMENT=97 DEFAULT CHARSET=latin1;

/*Data for the table `tbl_logs` */

insert  into `tbl_logs`(`lid`,`logs_message`,`time`,`ip`) values (1,'test','2014-02-23 05:25:18',''),(2,'testLog','2014-02-24 03:37:35','192.168.0.100'),(3,'wrong logging attempt','2014-02-24 05:53:18','192.168.0.100'),(4,'adminhas logout','2014-02-24 05:55:31','192.168.0.100'),(5,'admin has login','2014-02-24 05:56:29','192.168.0.100'),(6,'admin had enter setting page','2014-02-24 05:58:42','192.168.0.100'),(7,'admin had enter documents page','2014-02-24 06:08:42','192.168.0.100'),(8,'admin had enter setting page','2014-02-24 06:08:52','192.168.0.100'),(9,'admin had enter admin page','2014-02-24 06:08:55','192.168.0.100'),(10,'admin had enter Top Management page','2014-02-24 06:08:56','192.168.0.100'),(11,'admin had enter Assesment andd Operation Coordinating Group page','2014-02-24 06:09:00','192.168.0.100'),(12,'admin had enter Intelligent Group page','2014-02-24 06:09:02','192.168.0.100'),(13,'admin had enter Management Information System Technical Group page','2014-02-24 06:09:04','192.168.0.100'),(14,'admin had enter Interim Internal Control page','2014-02-24 06:09:06','192.168.0.100'),(15,'admin had enter Internal Administration Group page','2014-02-24 06:09:07','192.168.0.100'),(16,'admin had enter Revenue Collection Monitoring Group page','2014-02-24 06:09:09','192.168.0.100'),(17,'admin had enter Enforcement Group page','2014-02-24 06:09:11','192.168.0.100'),(18,'admin had enter Post Entry & Audit Group page','2014-02-24 06:09:13','192.168.0.100'),(19,'admin had enter Enforcement Group page','2014-02-24 06:11:51','192.168.0.100'),(20,'admin had enter setting page','2014-02-24 06:12:00','192.168.0.100'),(21,'admin had enter setting page','2014-02-24 06:14:46','192.168.0.100'),(22,'admin has logout','2014-02-24 06:27:00','192.168.0.100'),(23,'admin has login','2014-02-24 06:27:12','192.168.0.100'),(24,'admin had enter setting page','2014-02-24 06:27:16','192.168.0.100'),(25,'admin has logout','2014-02-24 06:27:37','192.168.0.100'),(26,'admin had enter admin page','2014-02-24 06:27:39','192.168.0.100'),(27,'user1 has login','2014-02-24 06:27:47','192.168.0.100'),(28,'user1 has logout','2014-02-24 06:27:51','192.168.0.100'),(29,'admin had enter admin page','2014-02-24 06:27:53','192.168.0.100'),(30,'wrong logging attempt','2014-02-24 06:27:58','192.168.0.100'),(31,'admin has login','2014-02-24 06:28:06','192.168.0.100'),(32,'admin had enter Top Management page','2014-02-24 06:28:07','192.168.0.100'),(33,'admin had enter setting page','2014-02-24 06:28:08','192.168.0.100'),(34,'admin had enter setting page','2014-02-24 06:28:13','192.168.0.100'),(35,'admin has logout','2014-02-24 06:28:32','192.168.0.100'),(36,'user1 has login','2014-02-24 06:28:46','192.168.0.100'),(37,'user1 view thier profile','2014-02-24 06:28:55','192.168.0.100'),(38,'user1 has logout','2014-02-24 06:29:00','192.168.0.100'),(39,'admin has login','2014-02-24 06:29:30','192.168.0.100'),(40,'admin had enter setting page','2014-02-24 06:29:39','192.168.0.100'),(41,'admin had enter admin page','2014-02-24 06:30:58','192.168.0.100'),(42,'admin had enter Top Management page','2014-02-24 06:31:00','192.168.0.100'),(43,'admin had enter Assesment andd Operation Coordinating Group page','2014-02-24 06:31:02','192.168.0.100'),(44,'admin had enter Intelligent Group page','2014-02-24 06:31:04','192.168.0.100'),(45,'wrong logging attempt','2014-07-29 23:28:46','127.0.0.1'),(46,'admin has login','2014-07-29 23:28:50','127.0.0.1'),(47,'admin had enter setting page','2014-07-30 00:46:31','127.0.0.1'),(48,'admin has logout','2014-07-30 01:44:57','127.0.0.1'),(49,'admin has login','2014-07-30 01:45:04','127.0.0.1'),(50,'admin had enter admin page','2014-07-30 01:45:09','127.0.0.1'),(51,'admin had enter setting page','2014-07-30 01:45:12','127.0.0.1'),(52,'admin had enter documents page','2014-07-30 01:45:22','127.0.0.1'),(53,'admin had enter users page','2014-07-30 01:45:31','127.0.0.1'),(54,'admin had enter admin page','2014-07-30 01:45:42','127.0.0.1'),(55,'admin has login','2014-07-30 10:14:44','127.0.0.1'),(56,'admin had enter admin page','2014-07-30 10:14:53','127.0.0.1'),(57,'admin had enter admin page','2014-07-30 11:12:35','127.0.0.1'),(58,'admin had enter setting page','2014-07-30 11:12:38','127.0.0.1'),(59,'admin had enter post management page','2014-07-30 11:12:40','127.0.0.1'),(60,'admin has logout','2014-07-30 11:12:52','127.0.0.1'),(61,'user1 has login','2014-07-30 11:12:57','127.0.0.1'),(62,'user1 attempt to add post','2014-07-30 11:13:15','127.0.0.1'),(63,'user1 has logout','2014-07-30 11:14:27','127.0.0.1'),(64,'admin has login','2014-07-30 11:14:37','127.0.0.1'),(65,'admin had enter post management page','2014-07-30 11:14:40','127.0.0.1'),(66,'admin had enter admin page','2014-07-30 11:19:52','127.0.0.1'),(67,'admin had enter admin page','2014-07-30 11:20:24','127.0.0.1'),(68,'admin has login','2014-07-30 16:15:21','127.0.0.1'),(69,'admin had enter setting page','2014-07-30 16:17:37','127.0.0.1'),(70,'admin view thier profile','2014-07-30 16:17:56','127.0.0.1'),(71,'admin succesfuly update profile','2014-07-30 16:18:15','127.0.0.1'),(72,'admin view thier profile','2014-07-30 16:18:15','127.0.0.1'),(73,'admin view thier profile','2014-07-30 16:21:24','127.0.0.1'),(74,'admin had enter post management page','2014-07-30 16:21:26','127.0.0.1'),(75,'admin has login','2014-08-05 05:22:35','127.0.0.1'),(76,'admin had enter admin page','2014-08-05 05:22:40','127.0.0.1'),(77,'admin had enter setting page','2014-08-05 05:22:43','127.0.0.1'),(78,'admin had enter admin page','2014-08-05 05:22:46','127.0.0.1'),(79,'admin attempt to add employee','2014-08-05 05:22:52','127.0.0.1'),(80,'admin attempt to add employee','2014-08-05 06:15:33','127.0.0.1'),(81,'admin had enter admin page','2014-08-05 06:15:36','127.0.0.1'),(82,'admin had enter setting page','2014-08-05 06:15:41','127.0.0.1'),(83,'admin had enter documents page','2014-08-05 06:15:43','127.0.0.1'),(84,'admin had enter document upload page','2014-08-05 06:15:47','127.0.0.1'),(85,'admin had enter setting page','2014-08-05 06:16:28','127.0.0.1'),(86,'admin had enter post management page','2014-08-05 06:16:34','127.0.0.1'),(87,'admin access a post.','2014-08-05 06:16:40','127.0.0.1'),(88,'admin had enter setting page','2014-08-05 06:16:51','127.0.0.1'),(89,'admin had enter admin page','2014-08-05 06:17:01','127.0.0.1'),(90,'admin had enter admin page','2014-08-05 06:17:04','127.0.0.1'),(91,'admin had enter setting page','2014-08-05 06:17:08','127.0.0.1'),(92,'admin had enter admin page','2014-08-05 06:17:19','127.0.0.1'),(93,'admin had enter setting page','2014-08-05 06:17:21','127.0.0.1'),(94,'admin had enter users page','2014-08-05 06:17:23','127.0.0.1'),(95,'admin attempt to add users','2014-08-05 06:17:26','127.0.0.1'),(96,'admin had enter setting page','2014-08-05 08:14:48','127.0.0.1');

/*Table structure for table `tbl_ports` */

DROP TABLE IF EXISTS `tbl_ports`;

CREATE TABLE `tbl_ports` (
  `mid` int(11) NOT NULL AUTO_INCREMENT,
  `title` varchar(255) NOT NULL,
  `coordinate` varchar(255) NOT NULL,
  `content` text NOT NULL,
  PRIMARY KEY (`mid`)
) ENGINE=InnoDB AUTO_INCREMENT=24 DEFAULT CHARSET=latin1;

/*Data for the table `tbl_ports` */

insert  into `tbl_ports`(`mid`,`title`,`coordinate`,`content`) values (10,'Port of Appari','18.36234, 121.62891','<p><span dir=\"ltr\">Port of Aparri,, Loriga Gallarza Street, Barangay Punta,, Aparri,, Cagayan</span></p>\r\n\r\n<p>(078) 888 0711</p>\r\n'),(11,'Port of Davao','7.12278, 125.66221','<p><span dir=\"ltr\">Pampanga, Sasa Wharf, Port Area, Sasa, Davao City, 8000, Davao del Sur</span></p>\r\n\r\n<p><span dir=\"ltr\">Davao City</span></p>\r\n\r\n<p>(082) 235 0812</p>\r\n'),(12,'Port of Zamboanga','6.90253, 122.07694','<p><span dir=\"ltr\">Port Area, Zamboanga City, 7000, Zamboanga del Sur</span></p>\r\n\r\n<p>(062) 992 6845</p>\r\n'),(13,'Port of San Fernando (La Union)','16.62454, 120.28295','<table style=\"width:400px\">\r\n	<tbody>\r\n		<tr>\r\n			<td style=\"vertical-align:top; width:auto\">\r\n			<p><span dir=\"ltr\">Pennsylvania Ave., Poro Point, San Fernando, 2500, La Union</span></p>\r\n\r\n			<p>(072) 888 5581</p>\r\n			</td>\r\n		</tr>\r\n	</tbody>\r\n</table>\r\n'),(14,'Port of Clark International Airport','15.17398, 120.54841','<p><span dir=\"ltr\">Building 2, 127 Dorst/Ger West Avenue, CEPZA, Angeles City, Pampanga</span></p>\r\n\r\n<p>(045) 892 3088</p>\r\n'),(15,'Port of Subic','14.82595, 120.27273','<table style=\"width:400px\">\r\n	<tbody>\r\n		<tr>\r\n			<td style=\"vertical-align:top; width:auto\">\r\n			<p><span dir=\"ltr\">Port of Subic Bldg. 307, Canel Rd., Subic bay Freeport Zone SBMA, Olongapo City, 2200</span></p>\r\n\r\n			<p>(047) 252 3534</p>\r\n			</td>\r\n		</tr>\r\n	</tbody>\r\n</table>\r\n'),(16,'Port of Limay (Bataan)','14.51396, 120.61128','<p><span dir=\"ltr\">Old National Road, Lamao, Limay, Bataan</span></p>\r\n\r\n<p>(047) 244 6034</p>\r\n'),(17,'Manila International Container Port','14.60527, 120.95279','<p>G/F Isla Puting Bato, Del Pan, Manila City, Metro Manila</p>\r\n'),(18,'Port of Batangas','13.76043, 121.04419','<table style=\"width:400px\">\r\n	<tbody>\r\n		<tr>\r\n			<td style=\"vertical-align:top; width:auto\">\r\n			<p><span dir=\"ltr\">Batangas International Port, Santa Clara Pier, Batangas City, Batangas</span></p>\r\n\r\n			<p>(043) 722 0705</p>\r\n			</td>\r\n		</tr>\r\n	</tbody>\r\n</table>\r\n'),(19,'Port of Legazpi','13.14639, 123.75458','<p><span dir=\"ltr\">Quezon Ave. Ext., Pier Site, Legazpi City, 4500, Albay</span></p>\r\n\r\n<p><span dir=\"ltr\">Quezon Avenue, Legazpi City</span></p>\r\n\r\n<p>(052) 820 2508</p>\r\n'),(20,'Port of Iloilo','10.69864, 122.57597','<p><span dir=\"ltr\">Muelle Loney St., Iloilo City, 5000, Iloilo</span></p>\r\n\r\n<p><span dir=\"ltr\">5000</span></p>\r\n\r\n<p>(033) 335 0998</p>\r\n'),(21,'Port of Cebu','10.30788, 123.92094','<p><span dir=\"ltr\">Port of Cebu, Morga St., Cebu City, 6000, Cebu</span></p>\r\n\r\n<p>(032) 232 0611</p>\r\n'),(22,'Port of Surigao','9.78172, 125.50029','<table style=\"width:400px\">\r\n	<tbody>\r\n		<tr>\r\n			<td style=\"vertical-align:top; width:auto\">\r\n			<p><span dir=\"ltr\">Port of Surigao, Bilang Bilang, Surigao City, 8400, Suriagao del Norte</span></p>\r\n\r\n			<p><span dir=\"ltr\">8400</span></p>\r\n\r\n			<p>(086) 232 7535</p>\r\n			</td>\r\n		</tr>\r\n	</tbody>\r\n</table>\r\n'),(23,'Port of Cagayan de Oro','8.49700, 124.66050','<p><span dir=\"ltr\">Port of Cagayan de Oro, Corrales Ext., Cagayan de Oro City, 9000, Misamis Oriental</span></p>\r\n\r\n<p>(088) 856 8782</p>\r\n');

/*Table structure for table `tbl_posts` */

DROP TABLE IF EXISTS `tbl_posts`;

CREATE TABLE `tbl_posts` (
  `pid` int(11) NOT NULL AUTO_INCREMENT,
  `uid` int(11) NOT NULL,
  `title` varchar(255) NOT NULL,
  `posts` longtext NOT NULL,
  `category` int(11) NOT NULL DEFAULT '1',
  `timestamp` timestamp NOT NULL DEFAULT CURRENT_TIMESTAMP,
  `status` int(11) NOT NULL DEFAULT '0',
  `publish` int(11) DEFAULT '0',
  PRIMARY KEY (`pid`)
) ENGINE=InnoDB AUTO_INCREMENT=11 DEFAULT CHARSET=latin1;

/*Data for the table `tbl_posts` */

insert  into `tbl_posts`(`pid`,`uid`,`title`,`posts`,`category`,`timestamp`,`status`,`publish`) values (1,3,'Lorem Ipsum','<p>Lorem Ipsum is simply dummy text of the printing and typesetting industry. Lorem Ipsum has been the industry&#39;s standard dummy text ever since the 1500s, when an unknown printer took a galley of type and scrambled it to make a type specimen book. It has survived not only five centuries, but also the leap into electronic typesetting, remaining essentially unchanged. It was popularised in the 1960s with the release of Letraset sheets containing Lorem Ipsum passages, and more recently with desktop publishing software like Aldus PageMaker including versions of Lorem Ipsum.</p>\r\n',1,'2014-01-18 13:13:20',0,0),(2,3,'What is Lorem Ipsum?','<p>Lorem Ipsum is simply dummy text of the printing and typesetting industry. Lorem Ipsum has been the industry&#39;s standard dummy text ever since the 1500s, when an unknown printer took a galley of type and scrambled it to make a type specimen book. It has survived not only five centuries, but also the leap into electronic typesetting, remaining essentially unchanged. It was popularised in the 1960s with the release of Letraset sheets containing Lorem Ipsum passages, and more recently with desktop publishing software like Aldus PageMaker including versions of Lorem Ipsum.</p>\r\n',1,'2014-01-18 13:14:39',0,0),(3,3,'Lorem Ipsum I','<p>Lorem Ipsum is simply dummy text of the printing and typesetting industry. Lorem Ipsum has been the industry&#39;s standard dummy text ever since the 1500s, when an unknown printer took a galley of type and scrambled it to make a type specimen book. It has survived not only five centuries, but also the leap into electronic typesetting, remaining essentially unchanged. It was popularised in the 1960s with the release of Letraset sheets containing Lorem Ipsum passages, and more recently with desktop publishing software like Aldus PageMaker including versions of Lorem Ipsum.</p>\r\n',1,'2014-01-18 17:27:41',1,0),(4,3,'Lorem Ipsum 2','<p>Lorem Ipsum is simply dummy text of the printing and typesetting industry. Lorem Ipsum has been the industry&#39;s standard dummy text ever since the 1500s, when an unknown printer took a galley of type and scrambled it to make a type specimen book. It has survived not only five centuries, but also the leap into electronic typesetting, remaining essentially unchanged. It was popularised in the 1960s with the release of Letraset sheets containing Lorem Ipsum passages, and more recently with desktop publishing software like Aldus PageMaker including versions of Lorem Ipsum.</p>\r\n',1,'2014-01-18 17:30:47',1,1),(5,3,'Lorem Ipsum 3','<p>Lorem Ipsum is simply dummy text of the printing and typesetting industry. Lorem Ipsum has been the industry&#39;s standard dummy text ever since the 1500s, when an unknown printer took a galley of type and scrambled it to make a type specimen book. It has survived not only five centuries, but also the leap into electronic typesetting, remaining essentially unchanged. It was popularised in the 1960s with the release of Letraset sheets containing Lorem Ipsum passages, and more recently with desktop publishing software like Aldus PageMaker including versions of Lorem Ipsum.</p>\r\n',1,'2014-01-18 17:31:18',0,0),(7,2,'Customs seizes smuggled firecrackers, used clothes','<p><img alt=\"smuggled_firecrackers\" src=\"http://customs.gov.ph/wp-content/uploads/2014/01/smuggled_firecrackers.jpg\" style=\"float:left; height:auto; margin:5px 15px 5px 0px !important; width:auto\" /></p>\r\n\r\n<h2>Customs seizes smuggled firecrackers, used clothes</h2>\r\n\r\n<p><em>Posted 17 January 2014</em></p>\r\n\r\n<p>&nbsp;</p>\r\n\r\n<p>Bureau of Customs Deputy Commissioner Jessie Dellosa (in light blue barong) inspects shipments of firecrackers and used clothing, shoes and bags seized by operatives of the Intelligence Group over the past month.</p>\r\n\r\n<p>The shipment of firecrackers arrived from China in six 40-foot container vans but were marked as being made in Angat, Bulacan. The shipment has an estimated value of P24-Million and were seized in a warehouse inside the First Tondo Complex in Manila. The pyrotechnics were smuggled in time for distribution and sale to the retail market for New Year and Chinese New Year.</p>\r\n\r\n<p>On the other hand, a total of 1,000 boxes of used clothes, shoes and bags, with an estimated value of P10-Million, were seized two weeks ago in two separate warehouses in Rosario, Pasig City and at the Olivarez Compound in Para&ntilde;aque. A third batch of shipments were apprehended upon arrival at the Port of Manila.</p>\r\n\r\n<p>Dellosa declined to identify the consignees or importers involved in the entry of the contraband products pending further investigation and filing of charges to be filed against them.</p>\r\n\r\n<p>The Tariff and Customs Code of the Philippines prohibits the entry of firecrackers and other pyrotechnics without import permits from the Firearms and Explosives Division (FED) of the Philippine National Police, while the manufacture, sale and distribution of firecrackers are regulated under Republic Act 7183. Illegally imported pyrotechnics generally do not conform to safety standards set by the PNP-FED. Meanwhile, Sections 3601 and 3602 of the Tariff and Customs Code of the Philippines and Republic Act 4652 ban the importation of used clothing for health and public safety reasons.</p>\r\n',1,'2014-01-22 23:02:15',1,1),(8,2,'18 customs employees probed for smuggling','<p><a href=\"http://newsinfo.inquirer.net/files/2014/01/customs.jpg\"><img alt=\"\" src=\"http://1-ps.googleusercontent.com/h/newsinfo.inquirer.net/files/2014/01/300x140xcustoms-300x140.jpg.pagespeed.ic.f96QHNeNGd.webp\" style=\"height:140px; margin:0px 0px 5px; width:300px\" /></a></p>\r\n\r\n<p>The Bureau of Customs (BOC). FILE PHOTO</p>\r\n\r\n<p>&nbsp;</p>\r\n\r\n<p>MANILA, Philippines&mdash;The Bureau of Customs said Tuesday it was investigating 18 of its employees for alleged involvement in rice smuggling.</p>\r\n\r\n<p>According to customs deputy commissioner for intelligence Jessie Dellosa, the 18 employees, mostly appraisers and examiners assigned to the Port of Manila and Manila International Container Port, were believed to have been involved in the processing of rice shipments without import permit in 2013. They were not identified by name.</p>\r\n\r\n<p>&ldquo;We&rsquo;re still conducting the probe. We still have to find out if they are guilty; they have the right to explain themselves,&rdquo; Dellosa said in an interview on the sidelines of the BOC inspection of P800 million worth of smuggled goods in Para&ntilde;aque on Tuesday.</p>\r\n\r\n<p>Asked if the investigation of the employees had anything to do with Davidson Bangayan, suspected to be a rice smuggler also identified as David Tan, Dellosa said the probe involved the processing of rice shipments without import permits.</p>\r\n\r\n<p>Dellosa said the BOC was also looking into rice smuggling in an investigation parallel to what the National Bureau of Investigation was doing and that it included Bangayan.</p>\r\n\r\n<p>&ldquo;We are still validating reports especially with regards to personalities involved. We are not focusing on Davidson Bangayan alone. We are also looking into other personalities who may be behind this,&rdquo; Dellosa said.</p>\r\n\r\n<p>Meanwhile, the BOC seized at least P800 million worth of counterfeit goods in two warehouses allegedly owned by the family of Para&ntilde;aque Mayor Edwin Olivarez.</p>\r\n\r\n<p>Dellosa said the counterfeit goods were discovered in two warehouses inside the Olivarez Compound in Barangay San Dionisio, Para&ntilde;aque City.</p>\r\n\r\n<p>The items include imitation &ldquo;Havianas&rdquo; flip-flops and &ldquo;Converse&rdquo; and &ldquo;Skechers&rdquo; rubber shoes, bags and luggage.</p>\r\n\r\n<p>Dellosa said the consignees of the fake goods will face charges for violating the Tariff and Customs Code of the Philippines, and Republic Act 8293 or the Intellectual Property Code of the Philippines.</p>\r\n',1,'2014-02-19 04:27:50',1,1),(9,2,'Olivarez warehouses yield fake shoes, bags','<p>Para&ntilde;aque City Mayor Edwin Olivarez was put on the spot on Tuesday after a raid conducted by Bureau of Customs agents on two family-owned warehouses yielded millions of pesos worth of counterfeit goods.</p>\r\n\r\n<p>In a statement, Olivarez denied knowledge of the contraband valued at around P800 million and said he would not condone or tolerate smuggling.</p>\r\n\r\n<p>He explained that the warehouses managed by his sister were leased less than a year ago to a company called ZQL Enterprises owned by Richard Gonzales Chang.</p>\r\n\r\n<table border=\"0\" cellpadding=\"0\" cellspacing=\"0\" style=\"width:100%\">\r\n	<tbody>\r\n		<tr>\r\n			<td style=\"background-color:transparent; vertical-align:baseline\">&nbsp;</td>\r\n		</tr>\r\n	</tbody>\r\n</table>\r\n\r\n<p>Following the incident, his family has decided to terminate the lease agreement, he added.</p>\r\n\r\n<p>&ldquo;We will not tolerate this,&rdquo; Olivarez said. &ldquo;We will cooperate with the proper authorities to get to the bottom of this case and we will let the law take its course.&rdquo;</p>\r\n\r\n<p>&ldquo;I have instructed our police chief, Senior Supt. Ariel Andrade, to conduct a separate inquiry to get to the bottom of this incident and to file charges against anyone found violating the law,&rdquo; he added.</p>\r\n\r\n<p>The BOC said the warehouses located at the Olivarez Compound in Barangay San Dionisio, Para&ntilde;aque City, were raided after a month-long surveillance operation.</p>\r\n\r\n<p>Jessie Dellosa, BOC deputy commissioner for intelligence, said among the items seized from the warehouses were imitation Havaianas flip-flops and Converse and Skechers rubber shoes, bags and luggage, and other apparel.</p>\r\n\r\n<p>According to Dellosa, the consignees of the fake goods would face charges for violating the Tariff and Customs Code of the Philippines and Republic Act 8293 or the Intellectual Property Code of the Philippines.&nbsp;<strong><em>With Tina G. Santos</em></strong></p>\r\n\r\n<p><br />\r\n<br />\r\nRead more:&nbsp;<a href=\"http://newsinfo.inquirer.net/579010/olivarez-warehouses-yield-fake-shoes-bags#ixzz2thvd2vcg\">http://newsinfo.inquirer.net/579010/olivarez-warehouses-yield-fake-shoes-bags#ixzz2thvd2vcg</a>&nbsp;<br />\r\nFollow us:&nbsp;<a href=\"http://ec.tynt.com/b/rw?id=bSAw-mF-0r4Q-4acwqm_6r&amp;u=inquirerdotnet\" target=\"_blank\">@inquirerdotnet on Twitter</a>&nbsp;|&nbsp;<a href=\"http://ec.tynt.com/b/rf?id=bSAw-mF-0r4Q-4acwqm_6r&amp;u=inquirerdotnet\" target=\"_blank\">inquirerdotnet on Facebook</a></p>\r\n',1,'2014-02-19 04:28:35',1,1),(10,2,'BOC reforms starting to work-Sevilla','<p>MANILA, Philippines&mdash;Four months after its launch, the reorganized Bureau of Customs (BOC) has yet to meet its collection target but Commissioner John Phillip Sevilla avers reforms are &ldquo;starting to work.&rdquo;</p>\r\n\r\n<p><a href=\"http://newsinfo.inquirer.net/574718/5-farmers-cooperative-officials-charged-with-rice-smuggling/john-phillip-sevilla\"><img alt=\"\" src=\"http://newsinfo.inquirer.net/files/2014/02/john-phillip-sevilla-300x166.jpg\" style=\"height:166px; margin:0px 0px 5px; width:300px\" /></a></p>\r\n\r\n<p>Commissioner John Phillip Sevilla. RYAN LEAGOGO/INQUIRER.net</p>\r\n\r\n<p>&nbsp;</p>\r\n\r\n<p>In a statement, the new head of the Department of Finance-attached agency cited what he called &ldquo;encouraging initial results.&rdquo;</p>\r\n\r\n<p>&ldquo;Four months after rolling out President Aquino&rsquo;s reform program for the Bureau of Customs, emerging cash collections by the agency for the months of November 2013 to January 2014 registered a 19.26-percent growth rate over the comparable period in 2012 to 2013,&rdquo; he said.</p>\r\n\r\n<p>Last month, the BOC registered revenues of P29.36 billion. The figure, however, was P1.94 billion short of the bureau&rsquo;s P31.3 billion target for the 21-day trading period.</p>\r\n\r\n<p>Last year, the bureau failed to meet its P340-billion annual target with revenue collections of a little over P300 billion.</p>\r\n\r\n<p>Nontheless, Sevilla, the former finance undersecretary for privatization, said it was a &ldquo;significant improvement from the prereform period growth of 4.76 percent in January to October 2013.&rdquo;</p>\r\n\r\n<p>Sevilla said that &ldquo;one of the key performance indicators for the reform program&rsquo;s success is the improvement in cash collections.&rdquo;</p>\r\n\r\n<p>&ldquo;One can draw a line before and after October 2013, when the reform operations and personnel movements stabilized, and observe that the initial major elements of the President&rsquo;s customs reform program have been substantive and generated significant growth in revenue for the government,&rdquo; he said.</p>\r\n\r\n<p>&ldquo;These are encouraging initial results. The numbers tell us the reform program is starting to work,&rdquo; he added.</p>\r\n\r\n<p><strong>Adverse findings</strong></p>\r\n\r\n<p>Sevilla said he was also encouraged by the fact that &ldquo;the BOC&rsquo;s Intelligence Group has issued an unprecedented number of alert orders on shipments that were potentially undervalued or misclassified.&rdquo;</p>\r\n\r\n<p>&ldquo;Ninety percent of these shipments had adverse or derogatory findings, leading to higher collections for the government,&rdquo; he said.</p>\r\n\r\n<p>According to the BOC chief, &ldquo;this tells us two things: First, that importers have been so used to the system of corruption in the bureau and colluding with customs officials that they thought they could get away with the gross undervaluation of their imports. Second, with our 90 percent success rate in finding problems in import entries, the bureau is actually not alerting and examining enough shipments.&rdquo;</p>\r\n\r\n<p>He reiterated that &ldquo;the work of customs reforms is to go back to the basics and to fix the fundamentals.&rdquo;</p>\r\n\r\n<p>He said the bureau was &ldquo;committed to closing all the gaps in the system to make it harder for our people to do the bad thing and easier for them to do the good thing.&rdquo;</p>\r\n\r\n<p>Early this month, Malaca&ntilde;ang said it was not enough to revamp the BOC. Instead, &ldquo;we need systemic reforms,&rdquo; Communications Secretary Herminio Coloma told reporters.</p>\r\n\r\n<p>This year, the agency&rsquo;s revenue goal is P408.1 billion.</p>\r\n\r\n<p>From 2009 to 2012, the agency incurred collection deficits of P186.5 billion. The revenue deviations totaled P52.9 billion in 2009, P21.4 billion in 2010, P54.8 billion in 2011 and P57.23 billion in 2012.</p>\r\n',1,'2014-02-19 04:40:48',1,1);

/*Table structure for table `tbl_user` */

DROP TABLE IF EXISTS `tbl_user`;

CREATE TABLE `tbl_user` (
  `uid` int(11) NOT NULL AUTO_INCREMENT,
  `empno` varchar(14) NOT NULL,
  `ulevel` int(11) NOT NULL,
  `username` varchar(255) NOT NULL,
  `password` varchar(255) NOT NULL,
  `datecreated` timestamp NOT NULL DEFAULT CURRENT_TIMESTAMP,
  `datemodify` timestamp NOT NULL DEFAULT CURRENT_TIMESTAMP ON UPDATE CURRENT_TIMESTAMP,
  PRIMARY KEY (`uid`)
) ENGINE=InnoDB AUTO_INCREMENT=49 DEFAULT CHARSET=latin1;

/*Data for the table `tbl_user` */

insert  into `tbl_user`(`uid`,`empno`,`ulevel`,`username`,`password`,`datecreated`,`datemodify`) values (1,'00000',1,'admin','21232f297a57a5a743894a0e4a801fc3','2014-08-08 12:10:22','2014-08-08 17:33:58'),(2,'13001',4,'jsevilla','ad43ff1565a1f4c3e42fb933f621be6f','2014-08-08 18:15:07','2014-08-08 18:15:07'),(3,'13002',4,'jtanada','f3b465770732045e0c2e27fce5904133','2014-08-08 18:15:07','2014-08-08 18:15:07'),(4,'13003',4,'preyesjr','4215468e0a7e536f058460752e7b90dd','2014-08-08 18:15:07','2014-08-08 18:15:07'),(5,'13004',4,'pmanzano','99e9f1d2a59b22106ecb710cb6e7f75b','2014-08-08 18:15:07','2014-08-08 18:15:07'),(6,'13005',4,'dlim','b5a1831342c2efd7c06bf4d2d230fdfc','2014-08-08 18:15:07','2014-08-08 18:15:07'),(7,'13006',4,'hsuangsingjr','aec11d5948f67b9e013a9797cf6a0e1a','2014-08-08 18:15:07','2014-08-08 18:15:07'),(8,'13007',4,'mmanarang','ef378ce86d3e44048f97c8d8a7aa9f35','2014-08-08 18:15:07','2014-08-08 18:15:07'),(9,'13008',4,'ealcovendaz','b13f16702ab55bdfde049a690536c5c2','2014-08-08 18:15:07','2014-08-08 18:15:07'),(10,'13009',4,'mmangaoang','7b0f8db5c8d7e52e46f5f3baa352b2e5','2014-08-08 18:15:07','2014-08-08 18:15:07'),(11,'13010',4,'wcawile','60f4cf7364f29b458c6a3280bba668ca','2014-08-08 18:15:07','2014-08-08 18:15:07'),(12,'13021',4,'respiñosa','6ba49e9f7260507702778d723160df4f','2014-08-08 18:15:07','2014-08-08 18:15:07'),(13,'13022',4,'mdelrosario','0303e17d7fd23d3635eac4f0fabfaa0c','2014-08-08 18:15:07','2014-08-08 18:15:07'),(14,'13023',4,'aguiam','87304834b32223666e721f8e30a87129','2014-08-08 18:15:07','2014-08-08 18:15:07'),(15,'13024',4,'nhernandez','f14142f4dbf52bc530ab7682afd80e8f','2014-08-08 18:15:07','2014-08-08 18:15:07'),(16,'13025',4,'nalcala','ce602c6380a300064ad69760a6d50845','2014-08-08 18:15:07','2014-08-08 18:15:07'),(17,'13026',4,'ccasiano','d54321c3dbb65fdde1584ae35db7304b','2014-08-08 18:15:07','2014-08-08 18:15:07'),(18,'13027',4,'gcabugawan','fd270f85e0da0c443b1ba4dc08e617f0','2014-08-08 18:15:07','2014-08-08 18:15:07'),(19,'13040',4,'ftuazon','4c1852f74facad981e4b4e62cbeeb366','2014-08-08 18:15:07','2014-08-08 18:15:07'),(20,'13041',4,'jyuchongco','5c25d2af311260c71a0242aeacad1f29','2014-08-08 18:15:07','2014-08-08 18:15:07'),(21,'13042',4,'fmendozajr','8524e6791bbd7060d3da2a8a336c4110','2014-08-08 18:15:07','2014-08-08 18:15:07'),(22,'13047',4,'itusit','2448e61d270031d63a645bf072895205','2014-08-08 18:15:07','2014-08-08 18:15:07'),(23,'13011',4,'lmendoza','c48f3ab57eb4d786a3dccd7d7275c771','2014-08-08 18:15:07','2014-08-08 18:15:07'),(24,'13012',4,'mcabiigon','19f30a3080ac3f99a449b94000bf5c16','2014-08-08 18:15:07','2014-08-08 18:15:07'),(25,'13013',4,'jsimon','b550443b64c0a1f6ac3d2c8811c2bab2','2014-08-08 18:15:07','2014-08-08 18:15:07'),(26,'13014',4,'apalma','03dd261aec238973397d42303a60c854','2014-08-08 18:15:07','2014-08-08 18:15:07'),(27,'13015',4,'mazana','1940ddf7de9f3162d1cd9d4a560edbb2','2014-08-08 18:15:07','2014-08-08 18:15:07'),(28,'13016',4,'elazaro','e58d5082a81623ab2ecde0ab9cd18137','2014-08-08 18:15:07','2014-08-08 18:15:07'),(29,'13017',4,'eabano','e4309d95a4bfd264d31a06602732593a','2014-08-08 18:15:07','2014-08-08 18:15:07'),(30,'13018',4,'rdejesus','6232bf8fb89afea5f72da5d4ddc83bae','2014-08-08 18:15:07','2014-08-08 18:15:07'),(31,'13019',4,'lbonifacio','24502481656a54183d2e80e8be0d8448','2014-08-08 18:15:07','2014-08-08 18:15:07'),(32,'13020',4,'lbonifacio','ae4fa461cc8d0dd345fa38fd932c13cd','2014-08-08 18:15:07','2014-08-08 18:15:07'),(33,'13028',4,'dsimplicio','36d4bb62eebcf974bed0eb42bf06a239','2014-08-08 18:15:07','2014-08-08 18:15:07'),(34,'13029',4,'ecruz','b69c36173b206f9bd55f3addeac1b5f0','2014-08-08 18:15:07','2014-08-08 18:15:07'),(35,'13030',4,'rguyco','dc0b62108557a0ec26b302db7444c225','2014-08-08 18:15:07','2014-08-08 18:15:07'),(36,'13032',4,'mmelodias','63f8a35451454118db3d0991d782888e','2014-08-08 18:15:07','2014-08-08 18:15:07'),(37,'13033',4,'gleynes','116a0e9095910da9e84b94320e18adaa','2014-08-08 18:15:07','2014-08-08 18:15:07'),(38,'13034',4,'ejaciton','c5fc8cbb7ad83dd8910d5a4b93fdfdf0','2014-08-08 18:15:07','2014-08-08 18:15:07'),(39,'13036',4,'csoriano','3bace0e9f641f5f07aae104d2c56d584','2014-08-08 18:15:07','2014-08-08 18:15:07'),(40,'13037',4,'muy','41b6ad160cdcac32e65c405b97ab00dc','2014-08-08 18:15:07','2014-08-08 18:15:07'),(41,'13038',4,'mobilis-mapa','2d3478c45fb9dbf9558aeffea9aa74a7','2014-08-08 18:15:07','2014-08-08 18:15:07'),(42,'13039',4,'cdizon','e8ed6c7c26ca444d8931a8bcb0a2aa69','2014-08-08 18:15:07','2014-08-08 18:15:07'),(43,'13044',4,'rcortes','c2002a9610b9ba31148701a111606b7d','2014-08-08 18:15:07','2014-08-08 18:15:07'),(44,'13043',4,'jmanreza','5e63749a1a60659e99bcbde0d0113824','2014-08-08 18:15:07','2014-08-08 18:15:07'),(45,'13045',4,'jdellosa','b7bbc462f6b991ab5cd87406cd3f05ae','2014-08-08 18:15:07','2014-08-08 18:15:07'),(46,'13046',4,'wtolentino','fbd0a4debbd8833c00a735f496103250','2014-08-08 18:15:07','2014-08-08 18:15:07'),(47,'1111',4,'ttest','202309b66112cb053d6cdc3774daafcd','2014-08-08 18:15:07','2014-08-08 18:15:07'),(48,'121121',4,'ttest2','ad8ba382869223e6b75114aaada4f2aa','2014-08-08 18:15:07','2014-08-08 18:15:07');

/*!40101 SET SQL_MODE=@OLD_SQL_MODE */;
/*!40014 SET FOREIGN_KEY_CHECKS=@OLD_FOREIGN_KEY_CHECKS */;
